{
  "0": {
    "height": 0,
    "timestamp": 0,
    "proof": 0,
    "previous_hash": "0",
    "difficulty": 0,
    "confirmations": 0,
    "size": 0,
    "block_reward": 0,
    "fee_reward": 0,
    "miner": 0,
    "hash": 0,
    "transactions": [
      {
        "inputs": [
          {
            "address": "0",
            "value": 10
          }
        ],
        "outputs": [
          {
            "address": "6091dd2b91c627b042ccb3e3e4a28c2fdc4daf51b6aee1cdf671983b431604af0bf9102bdcda7e952e4fa9e583df072b",
            "value": 10,
            "trans_reference": "2543ac794cb0478c4608590f0cb18992f0be329c7aed00478455cb77e7effe04"
          }
        ],
        "fee": 0,
        "timestamp": 1640625932.233715,
        "hash": "2543ac794cb0478c4608590f0cb18992f0be329c7aed00478455cb77e7effe04",
        "signature": null
      }
    ]
  },
  "1": {
    "height": 1,
    "timestamp": 0,
    "proof": 0,
    "previous_hash": 0,
    "difficulty": 0,
    "confirmations": 0,
    "size": 0,
    "block_reward": 0,
    "fee_reward": 0,
    "miner": 0,
    "hash": 0,
    "transactions": [
      {
        "inputs": [
          {
            "address": "6091dd2b91c627b042ccb3e3e4a28c2fdc4daf51b6aee1cdf671983b431604af0bf9102bdcda7e952e4fa9e583df072b",
            "value": 10,
            "trans_reference": "2543ac794cb0478c4608590f0cb18992f0be329c7aed00478455cb77e7effe04"
          }
        ],
        "outputs": [
          {
            "address": "1bdd29e7a42ac1de57d7b342d8f9b20cd83e9ff094dad4b5d39d98534499584f14866922d355b341c33a5ecc1bff73c1",
            "value": 5,
            "trans_reference": "d35cbf2b35d9c9e0373c07ce55498a6386f13091521c8270cc8b42c375dbf1af"
          },
          {
            "address": "6091dd2b91c627b042ccb3e3e4a28c2fdc4daf51b6aee1cdf671983b431604af0bf9102bdcda7e952e4fa9e583df072b",
            "value": 5,
            "trans_reference": "d35cbf2b35d9c9e0373c07ce55498a6386f13091521c8270cc8b42c375dbf1af"
          }
        ],
        "fee": 0,
        "timestamp": 1640626026.036256,
        "hash": "d35cbf2b35d9c9e0373c07ce55498a6386f13091521c8270cc8b42c375dbf1af",
        "signature": "efdef56f9ac0157a61448988d28c5d33df142f9466a39f00b3019e3a4823e226de3274f49bec1fad753aa7adee3f2b90"
      }
    ]
  }
}